,Standard Deviation,Root Mean Square,fft_centroid,fft_variance,fft_skew,fft_curtosis
PC-1,-0.34493303649934887,-0.00920289507343397,-0.48168498924441994,-0.469944194510937,0.47692777342431286,0.4478933256615949
PC-2,0.4489982142448452,0.8716358802030533,-0.04584910752480126,-0.0394694264179159,0.13042810279134376,0.13408963295967063
PC-3,0.6316562988929055,-0.4334739209651496,0.20172355984749302,0.14215713200991092,0.3274689874587808,0.49494817646487754
PC-4,-0.5205553818981219,0.22192557408383135,0.3871521332641934,0.5722765363999752,0.2081813477858667,0.39880377627795127
PC-5,0.08201869127253122,-0.051713615169115185,-0.5188826901025272,0.5620683266987876,0.4804844999280524,-0.4178196161634363
